Date,Close,High,Low,Volume
2022-01-03,30.121000289916992,30.711000442504883,29.78499984741211,391547000
2022-01-04,29.290000915527344,30.468000411987305,28.349000930786133,527154000
2022-01-05,27.604000091552734,29.416000366210938,27.533000946044922,498064000
2022-01-06,28.17799949645996,28.437999725341797,27.065000534057617,454186000
2022-01-07,27.246999740600586,28.422000885009766,27.05699920654297,409939000
2022-01-10,27.399999618530273,27.4689998626709,25.643999099731445,594681000
2022-01-11,27.816999435424805,28.065000534057617,26.839000701904297,404089000
2022-01-12,27.999000549316406,28.594999313354492,27.607999801635742,383413000
2022-01-13,26.575000762939453,28.479999542236328,26.49799919128418,540171000
2022-01-14,26.941999435424805,27.19700050354004,26.209999084472656,395832000
2022-01-18,25.902999877929688,26.63800048828125,25.770000457763672,424270000
2022-01-19,25.066999435424805,26.542999267578125,25.052000045776367,488315000
2022-01-20,24.149999618530273,25.57900047302246,24.077999114990234,435181000
2022-01-21,23.374000549316406,24.822999954223633,23.26300048828125,718958000
2022-01-24,23.371999740600586,23.3799991607666,20.88800048828125,913982000
2022-01-25,22.323999404907227,22.94300079345703,22.0,664616000
2022-01-26,22.77199935913086,24.05699920654297,22.299999237060547,755959000
2022-01-27,21.944000244140625,23.9950008392334,21.674999237060547,573353000
2022-01-28,22.84000015258789,22.857999801635742,21.29599952697754,543774000
2022-01-31,24.486000061035156,24.509000778198242,23.052000045776367,564680000
2022-02-01,24.63800048828125,25.145000457763672,23.889999389648438,518925000
2022-02-02,25.242000579833984,25.816999435424805,24.55299949645996,543419000
2022-02-03,23.947999954223633,25.07699966430664,23.780000686645508,410178000
2022-02-04,24.319000244140625,24.635000228881836,23.631999969482422,354829000
2022-02-07,24.72800064086914,25.18199920654297,24.20199966430664,376868000
2022-02-08,25.107999801635742,25.229999542236328,23.979999542236328,410359000
2022-02-09,26.704999923706055,26.725000381469727,25.35300064086914,524282000
2022-02-10,25.823999404907227,26.924999237060547,25.600000381469727,513200000
2022-02-11,23.948999404907227,26.152000427246094,23.773000717163086,605472000
2022-02-14,24.267000198364258,24.875,23.7549991607666,440424000
2022-02-15,26.4950008392334,26.545000076293945,24.784000396728516,699869000
2022-02-16,26.51099967956543,26.582000732421875,25.552000045776367,732676000
2022-02-17,24.506999969482422,25.78499984741211,24.165000915527344,810595000
2022-02-18,23.642000198364258,24.986000061035156,23.100000381469727,761255000
2022-02-22,23.389999389648438,24.06399917602539,23.0,633422000
2022-02-23,22.386999130249023,24.155000686645508,22.301000595092773,566511000
2022-02-24,23.74799919128418,23.799999237060547,20.889999389648438,735801000
2022-02-25,24.156999588012695,24.216999053955078,23.381000518798828,528866000
2022-02-28,24.385000228881836,24.665000915527344,23.707000732421875,477319000
2022-03-01,23.476999282836914,24.37700080871582,23.131999969482422,412056000
2022-03-02,24.219999313354492,24.409000396728516,23.415000915527344,389642000
2022-03-03,23.714000701904297,24.326000213623047,23.4689998626709,365095000
2022-03-04,22.93600082397461,23.68000030517578,22.48200035095215,431415000
2022-03-07,21.351999282836914,23.033000946044922,21.329999923706055,450821000
2022-03-08,21.513999938964844,22.37299919128418,20.649999618530273,557467000
2022-03-09,23.013999938964844,23.219999313354492,22.246999740600586,492742000
2022-03-10,22.658000946044922,22.788000106811523,21.881999969482422,428066000
2022-03-11,22.100000381469727,23.145000457763672,22.04599952697754,367209000
2022-03-14,21.329999923706055,22.261999130249023,21.159000396728516,385354000
2022-03-15,22.972999572753906,23.038000106811523,21.32200050354004,491996000
2022-03-16,24.496000289916992,24.597000122070312,23.172000885009766,671422000
2022-03-17,24.766000747680664,24.841999053955078,23.9060001373291,471941000
2022-03-18,26.452999114990234,26.569000244140625,24.624000549316406,730719000
2022-03-21,26.733999252319336,27.152000427246094,25.966999053955078,591727000
2022-03-22,26.52400016784668,27.238000869750977,26.07200050354004,547007000
2022-03-23,25.634000778198242,26.61199951171875,25.575000762939453,502120000
2022-03-24,28.149999618530273,28.31999969482422,25.906999588012695,877379000
2022-03-25,27.691999435424805,28.357999801635742,27.270999908447266,579016000
2022-03-28,28.2189998626709,28.25,27.20599937438965,425494000
2022-03-29,28.6560001373291,28.945999145507812,27.979999542236328,488984000
2022-03-30,27.690000534057617,28.496000289916992,27.503000259399414,463487000
2022-03-31,27.285999298095703,28.24799919128418,27.270000457763672,523440000
2022-04-01,26.711999893188477,27.496000289916992,26.267000198364258,517235000
2022-04-04,27.360000610351562,27.558000564575195,26.613000869750977,397120000
2022-04-05,25.930999755859375,27.319000244140625,25.81999969482422,436615000
2022-04-06,24.406999588012695,25.299999237060547,24.003000259399414,703833000
2022-04-07,24.20800018310547,24.722000122070312,23.47800064086914,557992000
2022-04-08,23.118999481201172,23.92300033569336,23.062000274658203,524781000
2022-04-11,21.91699981689453,22.31999969482422,21.65999984741211,575207000
2022-04-12,21.503999710083008,22.725000381469727,21.281999588012695,662258000
2022-04-13,22.202999114990234,22.5,21.454999923706055,516943000
2022-04-14,21.257999420166016,22.777000427246094,21.163000106811523,569097000
2022-04-18,21.783000946044922,22.08799934387207,21.07900047302246,525701000
2022-04-19,22.197999954223633,22.37299919128418,21.31399917602539,512781000
2022-04-20,21.48200035095215,22.670000076293945,21.200000762939453,468974000
2022-04-21,20.183000564575195,22.392000198364258,20.0,656209000
2022-04-22,19.514999389648438,20.486000061035156,19.5,624713000
2022-04-25,19.902000427246094,19.94499969482422,19.09600067138672,641566000
2022-04-26,18.788000106811523,19.788000106811523,18.670000076293945,653143000
2022-04-27,18.415000915527344,19.16699981689453,18.290000915527344,499460000
2022-04-28,19.781999588012695,20.03700065612793,18.489999771118164,570327000
2022-04-29,18.547000885009766,20.128000259399414,18.517000198364258,500435000
2022-05-02,19.533000946044922,19.573999404907227,18.391000747680664,572049000
2022-05-03,19.601999282836914,19.825000762939453,19.132999420166016,475751000
2022-05-04,20.333999633789062,20.399999618530273,18.750999450683594,648855000
2022-05-05,18.8439998626709,19.924999237060547,18.5,626331000
2022-05-06,18.674999237060547,19.511999130249023,17.989999771118164,633297000
2022-05-09,16.950000762939453,18.2549991607666,16.82699966430664,644455000
2022-05-10,17.594999313354492,18.197999954223633,17.024999618530273,761474000
2022-05-11,16.6299991607666,17.753000259399414,16.56800079345703,670167000
2022-05-12,16.174999237060547,16.788000106811523,15.567000389099121,708728000
2022-05-13,17.70599937438965,17.92799949645996,16.593000411987305,670437000
2022-05-16,17.263999938964844,17.788000106811523,17.106000900268555,521446000
2022-05-17,18.177000045776367,18.371000289916992,17.634000778198242,585830000
2022-05-18,16.937999725341797,18.118000030517578,16.86400032043457,545161000
2022-05-19,17.124000549316406,17.687000274658203,16.733999252319336,621310000
2022-05-20,16.694000244140625,17.40999984741211,15.755000114440918,739105000
2022-05-23,16.898000717163086,16.915000915527344,16.179000854492188,639889000
2022-05-24,16.15399932861328,16.597000122070312,15.779999732971191,588550000
2022-05-25,16.975000381469727,17.111000061035156,16.0,781132000
2022-05-26,17.85099983215332,18.091999053955078,16.02199935913086,996575000
2022-05-27,18.81100082397461,18.881000518798828,18.100000381469727,738379000
2022-05-31,18.672000885009766,19.200000762939453,18.350000381469727,664100000
2022-06-01,18.31999969482422,19.05299949645996,18.121999740600586,544514000
2022-06-02,19.591999053955078,19.618999481201172,18.197999954223633,648656000
2022-06-03,18.719999313354492,19.332000732421875,18.52199935913086,598779000
2022-06-06,18.785999298095703,19.336999893188477,18.56399917602539,422406000
2022-06-07,18.926000595092773,19.0,18.187999725341797,388914000
2022-06-08,18.648000717163086,19.18000030517578,18.53499984741211,363252000
2022-06-09,18.04800033569336,18.933000564575195,18.041000366210938,395574000
2022-06-10,16.974000930786133,17.69700050354004,16.868999481201172,465248000
2022-06-13,15.647000312805176,16.312000274658203,15.605999946594238,604153000
2022-06-14,15.836000442504883,16.06599998474121,15.411999702453613,469680000
2022-06-15,16.527000427246094,16.868000030517578,15.925999641418457,563936000
2022-06-16,15.60099983215332,15.942000389099121,15.401000022888184,545749000
2022-06-17,15.880000114440918,15.994999885559082,15.32800006866455,630334000
2022-06-21,16.56599998474121,17.007999420166016,16.406999588012695,483089000
2022-06-22,16.360000610351562,16.66200065612793,16.18000030517578,437135000
2022-06-23,16.225000381469727,16.584999084472656,15.852999687194824,463680000
2022-06-24,17.125999450683594,17.139999389648438,16.309999465942383,472153000
2022-06-27,16.868999481201172,17.329999923706055,16.625999450683594,427968000
2022-06-28,15.982000350952148,17.20199966430664,15.944999694824219,461149000
2022-06-29,15.541999816894531,15.819999694824219,15.170000076293945,482352000
2022-06-30,15.159000396728516,15.567000389099121,14.862000465393066,686070000
2022-07-01,14.52299976348877,15.062999725341797,14.392000198364258,577610000
2022-07-05,14.96399974822998,14.970999717712402,14.055000305175781,651397000
2022-07-06,15.130000114440918,15.319000244140625,14.788999557495117,529066000
2022-07-07,15.857999801635742,15.944999694824219,15.388999938964844,492903000
2022-07-08,15.838000297546387,16.03700065612793,15.388999938964844,467972000
2022-07-11,15.152000427246094,15.527000427246094,15.038000106811523,437321000
2022-07-12,15.081999778747559,15.430999755859375,14.876999855041504,458483000
2022-07-13,15.163999557495117,15.375,14.46500015258789,521918000
2022-07-14,15.371999740600586,15.472999572753906,14.727999687194824,456235000
2022-07-15,15.76200008392334,15.781999588012695,15.444999694824219,385935000
2022-07-18,16.10099983215332,16.89699935913086,16.00200080871582,670517000
2022-07-19,16.992000579833984,17.110000610351562,16.172000885009766,702366000
2022-07-20,17.80699920654297,17.933000564575195,16.801000595092773,760538000
2022-07-21,18.049999237060547,18.143999099731445,17.545000076293945,557049000
2022-07-22,17.319000244140625,17.966999053955078,17.136999130249023,536671000
2022-07-25,17.02400016784668,17.124000549316406,16.64900016784668,480748000
2022-07-26,16.533000946044922,16.91900062561035,16.47800064086914,397865000
2022-07-27,17.790000915527344,17.93600082397461,16.913000106811523,569776000
2022-07-28,17.983999252319336,18.139999389648438,17.440000534057617,474646000
2022-07-29,18.163000106811523,18.243999481201172,17.691999435424805,435460000
2022-08-01,18.44099998474121,18.84600067138672,17.989999771118164,476469000
2022-08-02,18.525999069213867,18.937999725341797,18.091999053955078,489527000
2022-08-03,18.89299964904785,18.968000411987305,18.136999130249023,418146000
2022-08-04,19.21500015258789,19.27400016784668,18.760000228881836,409652000
2022-08-05,18.98900032043457,19.229000091552734,18.666000366210938,386068000
2022-08-08,17.792999267578125,18.23900032043457,17.242000579833984,981859000
2022-08-09,17.086000442504883,17.44700050354004,16.724000930786133,668263000
2022-08-10,18.097000122070312,18.118000030517578,17.316999435424805,597422000
2022-08-11,17.941999435424805,18.707000732421875,17.875999450683594,509327000
2022-08-12,18.708999633789062,18.718000411987305,17.952999114990234,478094000
2022-08-15,19.031999588012695,19.163999557495117,18.613000869750977,457666000
2022-08-16,18.878999710083008,19.142000198364258,18.500999450683594,451240000
2022-08-17,18.334999084472656,18.687999725341797,18.145000457763672,446799000
2022-08-18,18.773000717163086,18.864999771118164,18.183000564575195,415447000
2022-08-19,17.849000930786133,18.520000457763672,17.770000457763672,441588000
2022-08-22,17.034000396728516,17.558000564575195,16.965999603271484,409593000
2022-08-23,17.180999755859375,17.46500015258789,16.969999313354492,369986000
2022-08-24,17.222000122070312,17.4060001373291,16.895000457763672,522661000
2022-08-25,17.913000106811523,17.94700050354004,16.83300018310547,770691000
2022-08-26,16.260000228881836,17.923999786376953,16.23699951171875,769127000
2022-08-29,15.800999641418457,16.33799934387207,15.767000198364258,496132000
2022-08-30,15.468000411987305,16.038999557495117,15.182000160217285,530181000
2022-08-31,15.093999862670898,15.539999961853027,14.958999633789062,573710000
2022-09-01,13.937000274658203,14.380000114440918,13.270000457763672,1178865000
2022-09-02,13.647000312805176,14.170999526977539,13.590999603271484,743157000
2022-09-06,13.46500015258789,13.779000282287598,13.35099983215332,535751000
2022-09-07,13.71399974822998,13.838000297546387,13.345999717712402,512657000
2022-09-08,13.989999771118164,14.008000373840332,13.369000434875488,624873000
2022-09-09,14.38700008392334,14.473999977111816,14.12600040435791,486612000
2022-09-12,14.505000114440918,14.54699993133545,14.197999954223633,484159000
2022-09-13,13.130999565124512,13.92199993133545,13.098999977111816,714956000
2022-09-14,13.128000259399414,13.289999961853027,12.913000106811523,588507000
2022-09-15,12.928999900817871,13.232999801635742,12.789999961853027,523625000
2022-09-16,13.197999954223633,13.211999893188477,12.616999626159668,670751000
2022-09-19,13.381999969482422,13.463000297546387,13.010000228881836,569685000
2022-09-20,13.175999641418457,13.482999801635742,13.057000160217285,524818000
2022-09-21,13.26099967956543,14.031000137329102,13.109999656677246,807679000
2022-09-22,12.560999870300293,13.14900016784668,12.428000450134277,759162000
2022-09-23,12.515999794006348,12.611000061035156,12.256999969482422,663309000
2022-09-26,12.227999687194824,12.659000396728516,12.21399974822998,547343000
2022-09-27,12.413000106811523,12.736000061035156,12.258000373840332,553854000
2022-09-28,12.736000061035156,12.822999954223633,12.354000091552734,542414000
2022-09-29,12.220000267028809,12.5,11.946000099182129,532763000
2022-09-30,12.138999938964844,12.633000373840332,12.074999809265137,565638000
2022-10-03,12.51200008392334,12.678000450134277,12.104999542236328,547478000
2022-10-04,13.166999816894531,13.220000267028809,12.878999710083008,584182000
2022-10-05,13.208999633789062,13.321000099182129,12.621000289916992,507131000
2022-10-06,13.130000114440918,13.656000137329102,13.102999687194824,644157000
2022-10-07,12.076000213623047,12.670000076293945,12.022000312805176,672478000
2022-10-10,11.670000076293945,12.12399959564209,11.407999992370605,698699000
2022-10-11,11.586000442504883,11.845999717712402,11.282999992370605,667482000
2022-10-12,11.5,11.734999656677246,11.345000267028809,492590000
2022-10-13,11.960000038146973,12.07800006866455,10.812999725341797,850103000
2022-10-14,11.22700023651123,12.111000061035156,11.204000473022461,713432000
2022-10-17,11.887999534606934,11.947999954223633,11.517000198364258,580774000
2022-10-18,11.967000007629395,12.491999626159668,11.618000030517578,659362000
2022-10-19,12.050999641418457,12.350000381469727,11.833999633789062,523131000
2022-10-20,12.194000244140625,12.769000053405762,12.104999542236328,652398000
2022-10-21,12.465999603271484,12.498000144958496,11.88700008392334,609494000
2022-10-24,12.598999977111816,12.710000038146973,12.064000129699707,517457000
2022-10-25,13.26099967956543,13.300000190734863,12.663999557495117,505482000
2022-10-26,12.895999908447266,13.387999534606934,12.708000183105469,532953000
2022-10-27,13.175999641418457,13.838000297546387,13.121999740600586,583113000
2022-10-28,13.833999633789062,13.850000381469727,13.060999870300293,521040000
2022-10-31,13.496999740600586,13.838000297546387,13.29699993133545,486341000
2022-11-01,13.543000221252441,13.925000190734863,13.519000053405762,432817000
2022-11-02,13.218999862670898,14.210000038146973,13.211000442504883,672628000
2022-11-03,13.420999526977539,13.781000137329102,12.956000328063965,500065000
2022-11-04,14.156000137329102,14.229000091552734,13.696999549865723,612576000
2022-11-07,14.300999641418457,14.411999702453613,13.954000473022461,410061000
2022-11-08,14.60200023651123,14.890999794006348,14.215999603271484,595292000
2022-11-09,13.776000022888184,14.211000442504883,13.758999824523926,454414000
2022-11-10,15.75,15.77299976348877,14.54699993133545,700819000
2022-11-11,16.32699966430664,16.388999938964844,15.482000350952148,655487000
2022-11-14,16.295000076293945,16.540000915527344,15.92199993133545,527852000
2022-11-15,16.666000366210938,16.99799919128418,16.381999969482422,545876000
2022-11-16,15.90999984741211,16.36199951171875,15.873000144958496,649547000
2022-11-17,15.677000045776367,16.266000747680664,15.53499984741211,710894000
2022-11-18,15.409000396728516,16.00200080871582,15.119999885559082,492072000
2022-11-21,15.317000389099121,15.47700023651123,15.079999923706055,404739000
2022-11-22,16.038000106811523,16.058000564575195,15.121999740600586,472866000
2022-11-23,16.518999099731445,16.527000427246094,16.04800033569336,427241000
2022-11-25,16.270000457763672,16.48699951171875,16.172000885009766,167934000
2022-11-28,15.82699966430664,16.35700035095215,15.725000381469727,303741000
2022-11-29,15.638999938964844,15.932000160217285,15.520000457763672,298384000
2022-11-30,16.92300033569336,16.93000030517578,15.597000122070312,565298000
2022-12-01,17.135000228881836,17.264999389648438,16.635000228881836,470977000
2022-12-02,16.875999450683594,16.933000564575195,16.44499969482422,371389000
2022-12-05,16.610000610351562,16.9950008392334,16.472000122070312,352255000
2022-12-06,15.987000465393066,16.572999954223633,15.819000244140625,352694000
2022-12-07,16.1200008392334,16.18600082397461,15.666999816894531,372388000
2022-12-08,17.16900062561035,17.179000854492188,15.958999633789062,515456000
2022-12-09,17.000999450683594,17.58300018310547,16.975000381469727,465338000
2022-12-12,17.53499984741211,17.538000106811523,16.797000885009766,457328000
2022-12-13,18.07200050354004,18.790000915527344,17.711000442504883,656589000
2022-12-14,17.673999786376953,18.25200080871582,17.420000076293945,496888000
2022-12-15,16.95199966430664,17.31999969482422,16.700000762939453,478542000
2022-12-16,16.570999145507812,17.041000366210938,16.40999984741211,478232000
2022-12-19,16.253999710083008,16.608999252319336,16.145000457763672,354039000
2022-12-20,16.084999084472656,16.309999465942383,15.85200023651123,403260000
2022-12-21,16.500999450683594,16.62700080871582,16.101999282836914,325025000
2022-12-22,15.33899974822998,16.13800048828125,14.881999969482422,565045000
2022-12-23,15.206000328063965,15.33899974822998,14.883000373840332,349326000
2022-12-27,14.121000289916992,15.100000381469727,14.055999755859375,464902000
2022-12-28,14.03600025177002,14.26200008392334,13.883999824523926,351066000
2022-12-29,14.602999687194824,14.682999610900879,14.22700023651123,354923000
2022-12-30,14.61400032043457,14.628999710083008,14.232999801635742,310490000
2023-01-03,14.3149995803833,14.996000289916992,14.095999717712402,401277000
2023-01-04,14.74899959564209,14.852999687194824,14.241000175476074,431324000
2023-01-05,14.265000343322754,14.564000129699707,14.14799976348877,389168000
2023-01-06,14.859000205993652,15.010000228881836,14.034000396728516,405044000
2023-01-09,15.628000259399414,16.055999755859375,15.140999794006348,504231000
2023-01-10,15.909000396728516,15.961999893188477,15.472000122070312,384101000
2023-01-11,16.000999450683594,16.027999877929688,15.562999725341797,353285000
2023-01-12,16.51099967956543,16.636999130249023,15.491999626159668,551409000
2023-01-13,16.89900016784668,16.922000885009766,16.165000915527344,447287000
2023-01-17,17.70199966430664,17.72800064086914,16.89900016784668,511102000
2023-01-18,17.37700080871582,17.87299919128418,17.281999588012695,439624000
2023-01-19,16.764999389648438,17.19700050354004,16.731000900268555,452932000
2023-01-20,17.839000701904297,17.856000900268555,16.825000762939453,564967000
2023-01-23,19.19300079345703,19.2450008392334,17.81800079345703,655163000
2023-01-24,19.264999389648438,19.4950008392334,18.81999969482422,496204000
2023-01-25,19.322999954223633,19.3700008392334,18.579999923706055,449537000
2023-01-26,19.802000045776367,20.166000366210938,19.277999877929688,489535000
2023-01-27,20.364999771118164,20.628000259399414,19.405000686645508,542142000
2023-01-30,19.16200065612793,20.139999389648438,19.149999618530273,488611000
2023-01-31,19.53700065612793,19.687000274658203,18.950000762939453,498017000
2023-02-01,20.94300079345703,21.191999435424805,19.611000061035156,660477000
2023-02-02,21.708999633789062,21.948999404907227,20.700000762939453,564276000
2023-02-03,21.100000381469727,21.7450008392334,20.788999557495117,429366000
2023-02-06,21.089000701904297,21.56999969482422,20.785999298095703,452197000
2023-02-07,22.17300033569336,22.259000778198242,21.149999618530273,664150000
2023-02-08,22.204999923706055,22.878000259399414,22.007999420166016,559651000
2023-02-09,22.336999893188477,23.020000457763672,22.1200008392334,523876000
2023-02-10,21.264999389648438,22.077999114990234,20.81100082397461,550737000
2023-02-13,21.788000106811523,22.04800033569336,20.961999893188477,474919000
2023-02-14,22.97100067138672,23.048999786376953,21.365999221801758,675474000
2023-02-15,22.763999938964844,22.854999542236328,22.106000900268555,420575000
2023-02-16,22.00200080871582,22.549999237060547,21.927000045776367,412026000
2023-02-17,21.38800048828125,21.739999771118164,20.975000381469727,465888000
2023-02-21,20.655000686645508,21.493999481201172,20.618000030517578,410015000
2023-02-22,20.753999710083008,21.104000091552734,20.42099952697754,513184000
2023-02-23,23.663999557495117,23.88800048828125,23.024999618530273,1117995000
2023-02-24,23.285999298095703,23.474000930786133,22.94700050354004,589716000
2023-02-27,23.500999450683594,23.8799991607666,23.45400047302246,452994000
2023-02-28,23.215999603271484,23.825000762939453,23.20599937438965,455963000
2023-03-01,22.697999954223633,23.256000518798828,22.507999420166016,460026000
2023-03-02,23.31399917602539,23.3799991607666,22.43199920654297,389415000
2023-03-03,23.889999389648438,23.899999618530273,23.1299991607666,412393000
2023-03-06,23.554000854492188,24.24799919128418,23.48699951171875,437429000
2023-03-07,23.288000106811523,24.125,23.240999221801758,515154000
2023-03-08,24.180999755859375,24.200000762939453,23.423999786376953,513573000
2023-03-09,23.43600082397461,24.45400047302246,23.382999420166016,501257000
2023-03-10,22.96500015258789,23.62700080871582,22.72599983215332,474866000
2023-03-13,22.965999603271484,23.29800033569336,22.297000885009766,421890000
2023-03-14,24.062999725341797,24.2189998626709,23.459999084472656,474910000
2023-03-15,24.22800064086914,24.285999298095703,23.360000610351562,524486000
2023-03-16,25.541000366210938,25.58799934387207,23.893999099731445,583253000
2023-03-17,25.725000381469727,26.39900016784668,25.667999267578125,848547000
2023-03-20,25.899999618530273,26.02400016784668,25.1299991607666,432747000
2023-03-21,26.198999404907227,26.392000198364258,25.381000518798828,547408000
2023-03-22,26.468000411987305,27.589000701904297,26.23699951171875,797295000
2023-03-23,27.19099998474121,27.499000549316406,26.690000534057617,564889000
2023-03-24,26.77899932861328,27.16699981689453,26.354999542236328,454920000
2023-03-27,26.5310001373291,27.0,26.364999771118164,361026000
2023-03-28,26.40999984741211,26.51300048828125,25.850000381469727,356104000
2023-03-29,26.983999252319336,27.077999114990234,26.597000122070312,393694000
2023-03-30,27.382999420166016,27.499000549316406,27.101999282836914,364516000
2023-03-31,27.777000427246094,27.833999633789062,27.104999542236328,433933000
2023-04-03,27.96500015258789,28.0,27.336000442504883,398716000
2023-04-04,27.452999114990234,28.0,27.30699920654297,368592000
2023-04-05,26.881000518798828,26.99799919128418,26.395000457763672,515015000
2023-04-06,27.03700065612793,27.079999923706055,26.427000045776367,397654000
2023-04-10,27.57900047302246,27.621000289916992,26.66900062561035,395279000
2023-04-11,27.16900062561035,27.790000915527344,27.125999450683594,314378000
2023-04-12,26.4950008392334,27.468000411987305,26.447999954223633,446259000
2023-04-13,26.46299934387207,26.886999130249023,26.32900047302246,353615000
2023-04-14,26.757999420166016,26.882999420166016,26.219999313354492,395660000
2023-04-17,27.00200080871582,27.006000518798828,26.433000564575195,321471000
2023-04-18,27.66699981689453,28.110000610351562,27.35700035095215,604812000
2023-04-19,27.930999755859375,28.0,27.23200035095215,358660000
2023-04-20,27.104000091552734,28.030000686645508,27.0,427713000
2023-04-21,27.118999481201172,27.183000564575195,26.722000122070312,345103000
2023-04-24,27.04199981689453,27.365999221801758,26.67099952697754,339282000
2023-04-25,26.240999221801758,27.246999740600586,26.225000381469727,378527000
2023-04-26,26.95599937438965,27.329999923706055,26.704999923706055,406337000
2023-04-27,27.22599983215332,27.4950008392334,26.625,377161000
2023-04-28,27.749000549316406,27.757999420166016,27.070999145507812,292216000
2023-05-01,28.90999984741211,29.058000564575195,27.780000686645508,570329000
2023-05-02,28.209999084472656,28.836000442504883,28.08300018310547,402730000
2023-05-03,27.802000045776367,28.367000579833984,27.472000122070312,383387000
2023-05-04,27.562000274658203,27.858999252319336,27.239999771118164,321850000
2023-05-05,28.68000030517578,28.7549991607666,27.731000900268555,361494000
2023-05-08,29.150999069213867,29.219999313354492,28.350000381469727,344979000
2023-05-09,28.570999145507812,28.972999572753906,28.450000762939453,314869000
2023-05-10,28.885000228881836,29.113000869750977,28.461000442504883,369350000
2023-05-11,28.577999114990234,28.950000762939453,28.246000289916992,322149000
2023-05-12,28.34000015258789,28.780000686645508,28.04599952697754,274222000
2023-05-15,28.952999114990234,28.9689998626709,28.152000427246094,293926000
2023-05-16,29.21299934387207,29.8700008392334,28.832000732421875,449405000
2023-05-17,30.17799949645996,30.198999404907227,29.43000030517578,432535000
2023-05-18,31.67799949645996,31.827999114990234,30.31999969482422,748725000
2023-05-19,31.263999938964844,31.579999923706055,30.916000366210938,473908000
2023-05-22,31.176000595092773,31.520000457763672,30.68000030517578,372000000
2023-05-23,30.687999725341797,31.288000106811523,30.631000518798828,356253000
2023-05-24,30.538000106811523,30.60700035095215,29.805999755859375,721419000
2023-05-25,37.97999954223633,39.47999954223633,36.6349983215332,1543911000
2023-05-26,38.94599914550781,39.16999816894531,37.54999923706055,714397000
2023-05-30,40.111000061035156,41.9379997253418,39.94900131225586,923401000
2023-05-31,37.83399963378906,40.29499816894531,37.821998596191406,1002580000
2023-06-01,39.77000045776367,40.04999923706055,38.34000015258789,635873000
2023-06-02,39.32699966430664,40.5,39.05799865722656,482731000
2023-06-05,39.17100143432617,39.564998626708984,38.707000732421875,396094000
2023-06-06,38.65399932861328,39.15999984741211,38.14799880981445,388729000
2023-06-07,37.474998474121094,39.499000549316406,37.35599899291992,511998000
2023-06-08,38.5099983215332,38.86399841308594,37.505001068115234,417772000
2023-06-09,38.77000045776367,39.71099853515625,38.56700134277344,427717000
2023-06-12,39.481998443603516,39.529998779296875,38.61800003051758,388701000
2023-06-13,41.02199935913086,41.10100173950195,39.7400016784668,613208000
2023-06-14,42.99700164794922,43.0,40.551998138427734,740465000
2023-06-15,42.65299987792969,43.28900146484375,42.14699935913086,568622000
2023-06-16,42.69200134277344,43.72100067138672,42.6609992980957,655709000
2023-06-20,43.80799865722656,43.9900016784668,42.67399978637695,451153000
2023-06-21,43.04499816894531,43.6150016784668,42.08000183105469,551603000
2023-06-22,43.025001525878906,43.42599868774414,42.23400115966797,417737000
2023-06-23,42.20899963378906,42.808998107910156,42.01499938964844,358140000
2023-06-26,40.63199996948242,42.763999938964844,40.099998474121094,594322000
2023-06-27,41.875999450683594,41.939998626708984,40.448001861572266,462175000
2023-06-28,41.117000579833984,41.845001220703125,40.518001556396484,582639000
2023-06-29,40.821998596191406,41.599998474121094,40.599998474121094,380514000
2023-06-30,42.301998138427734,42.54999923706055,41.500999450683594,501148000
2023-07-03,42.41299819946289,42.89799880981445,42.20199966430664,198209000
2023-07-05,42.31700134277344,43.176998138427734,42.084999084472656,323618000
2023-07-06,42.10300064086914,42.17900085449219,41.34600067138672,303582000
2023-07-07,42.50299835205078,43.2140007019043,42.18000030517578,355881000
2023-07-10,42.18000030517578,42.81100082397461,41.64899826049805,353908000
2023-07-11,42.404998779296875,42.757999420166016,42.06700134277344,298244000
2023-07-12,43.902000427246094,43.935001373291016,42.777000427246094,481277000
2023-07-13,45.97700119018555,46.154998779296875,44.492000579833984,478204000
2023-07-14,45.46900177001953,48.0880012512207,45.060001373291016,772075000
2023-07-17,46.46099853515625,46.49599838256836,45.262001037597656,510488000
2023-07-18,47.49399948120117,47.895999908447266,45.73400115966797,569164000
2023-07-19,47.07699966430664,47.81800079345703,46.742000579833984,427502000
2023-07-20,45.52000045776367,47.08700180053711,45.0620002746582,537865000
2023-07-21,44.308998107910156,45.86600112915039,44.099998474121094,963769000
2023-07-24,44.61199951171875,45.10900115966797,44.040000915527344,382516000
2023-07-25,45.67900085449219,46.18299865722656,44.92300033569336,348081000
2023-07-26,45.45199966430664,46.053001403808594,44.630001068115234,364237000
2023-07-27,45.900001525878906,47.39500045776367,45.75,455976000
2023-07-28,46.75,47.027000427246094,46.38100051879883,331194000
2023-07-31,46.729000091552734,47.130001068115234,46.50600051879883,251055000
2023-08-01,46.50699996948242,46.900001525878906,46.027000427246094,237858000
2023-08-02,44.26900100708008,45.84000015258789,43.387001037597656,530142000
2023-08-03,44.51499938964844,45.11800003051758,43.79999923706055,324176000
2023-08-04,44.68000030517578,45.641998291015625,44.393001556396484,362666000
2023-08-07,45.41699981689453,45.540000915527344,44.5629997253418,322154000
2023-08-08,44.66400146484375,45.242000579833984,44.055999755859375,353843000
2023-08-09,42.55400085449219,44.3120002746582,42.13399887084961,586449000
2023-08-10,42.38800048828125,43.57400131225586,41.834999084472656,492705000
2023-08-11,40.85499954223633,42.018001556396484,40.638999938964844,533085000
2023-08-14,43.75299835205078,43.79999923706055,40.31100082397461,690286000
2023-08-15,43.939998626708984,45.268001556396484,43.709999084472656,676512000
2023-08-16,43.486000061035156,44.67499923706055,43.40599822998047,527451000
2023-08-17,43.34400177001953,44.0620002746582,43.000999450683594,452395000
2023-08-18,43.29899978637695,43.577999114990234,41.65999984741211,583768000
2023-08-21,46.96699905395508,47.064998626708984,44.22200012207031,692573000
2023-08-22,45.667999267578125,48.1870002746582,45.33300018310547,755293000
2023-08-23,47.11600112915039,47.20000076293945,45.20800018310547,779046000
2023-08-24,47.16299819946289,50.26599884033203,47.159000396728516,1156044000
2023-08-25,46.018001556396484,47.80500030517578,45.02399826049805,925341000
2023-08-28,46.834999084472656,46.97999954223633,44.88800048828125,685192000
2023-08-29,48.784000396728516,49.08100128173828,46.39099884033203,701397000
2023-08-30,49.263999938964844,49.926998138427734,48.42499923706055,735206000
2023-08-31,49.35499954223633,49.74399948120117,48.95800018310547,528570000
2023-09-01,48.50899887084961,49.79999923706055,48.141998291015625,463830000
2023-09-05,48.54800033569336,48.85100173950195,47.86000061035156,382653000
2023-09-06,47.06100082397461,48.54899978637695,46.58000183105469,468670000
2023-09-07,46.24100112915039,46.34400177001953,45.152000427246094,433330000
2023-09-08,45.571998596191406,46.60599899291992,45.270999908447266,473069000
2023-09-11,45.178001403808594,46.16299819946289,44.3120002746582,473966000
2023-09-12,44.869998931884766,45.67300033569336,44.53099822998047,349256000
2023-09-13,45.48500061035156,45.93000030517578,44.50299835205078,398355000
2023-09-14,45.58100128173828,45.98699951171875,45.13100051879883,370097000
2023-09-15,43.900001525878906,45.5989990234375,43.80799865722656,506831000
2023-09-18,43.965999603271484,44.242000579833984,42.0,500271000
2023-09-19,43.52000045776367,43.965999603271484,43.00199890136719,373064000
2023-09-20,42.23899841308594,43.90299987792969,42.222999572753906,367108000
2023-09-21,41.016998291015625,42.099998474121094,40.97999954223633,450736000
2023-09-22,41.61000061035156,42.1150016784668,41.23099899291992,479236000
2023-09-25,42.22200012207031,42.5359992980957,41.176998138427734,419091000
2023-09-26,41.9109992980957,42.81999969482422,41.654998779296875,402282000
2023-09-27,42.46799850463867,42.87200164794922,41.62900161743164,444935000
2023-09-28,43.0890007019043,43.44599914550781,42.1150016784668,424663000
2023-09-29,43.499000549316406,44.14400100708008,43.30699920654297,397830000
2023-10-02,44.78200149536133,45.17499923706055,43.861000061035156,433298000
2023-10-03,43.516998291015625,45.130001068115234,43.24599838256836,470850000
2023-10-04,44.04100036621094,44.143001556396484,43.29199981689453,361821000
2023-10-05,44.6879997253418,44.900001525878906,43.88800048828125,393483000
2023-10-06,45.762001037597656,45.78900146484375,44.0260009765625,434436000
2023-10-09,45.27299880981445,45.60499954223633,44.36800003051758,409675000
2023-10-10,45.79800033569336,46.25899887084961,45.0880012512207,368582000
2023-10-11,46.805999755859375,46.85900115966797,46.04999923706055,378137000
2023-10-12,46.94499969482422,47.60900115966797,46.33000183105469,481325000
2023-10-13,45.46099853515625,47.11600112915039,45.279998779296875,474115000
2023-10-16,46.095001220703125,46.224998474121094,44.9119987487793,375099000
2023-10-17,43.9379997253418,44.75400161743164,42.47999954223633,812333000
2023-10-18,42.19599914550781,43.21900177001953,41.82500076293945,627294000
2023-10-19,42.10100173950195,43.297000885009766,41.88199996948242,501233000
2023-10-20,41.387001037597656,42.470001220703125,41.077999114990234,477266000
2023-10-23,42.974998474121094,43.24800109863281,40.94499969482422,478530000
2023-10-24,43.66299819946289,43.696998596191406,42.691001892089844,401463000
2023-10-25,41.77899932861328,43.650001525878906,41.55500030517578,398379000
2023-10-26,40.32600021362305,42.25600051879883,39.880001068115234,541001000
2023-10-27,40.5,41.20600128173828,40.01499938964844,416784000
2023-10-30,41.1609992980957,41.76599884033203,40.48099899291992,388028000
2023-10-31,40.779998779296875,40.87900161743164,39.22999954223633,517969000
2023-11-01,42.32500076293945,42.38100051879883,40.86899948120117,437593000
2023-11-02,43.50600051879883,43.88399887084961,42.89400100708008,409172000
2023-11-03,45.005001068115234,45.308998107910156,43.722999572753906,424610000
2023-11-06,45.750999450683594,45.935001373291016,44.89899826049805,400733000
2023-11-07,45.95500183105469,46.21799850463867,45.15800094604492,343165000
2023-11-08,46.57400131225586,46.867000579833984,45.96799850463867,346719000
2023-11-09,46.95000076293945,48.22999954223633,46.75,540496000
2023-11-10,48.334999084472656,48.47200012207031,47.28300094604492,421245000
2023-11-13,48.619998931884766,49.11600112915039,48.0989990234375,384136000
2023-11-14,49.65599822998047,49.83399963378906,49.040000915527344,416954000
2023-11-15,48.88800048828125,49.959999084472656,48.20000076293945,475497000
2023-11-16,49.47999954223633,49.525001525878906,48.33000183105469,339756000
2023-11-17,49.29800033569336,49.71699905395508,49.00699996948242,325205000
2023-11-20,50.409000396728516,50.54800033569336,49.180999755859375,414120000
2023-11-21,49.944000244140625,50.516998291015625,49.22200012207031,565747000
2023-11-22,48.715999603271484,50.334999084472656,47.689998626708984,899420000
2023-11-24,47.7760009765625,48.92100143432617,47.744998931884766,294645000
2023-11-27,48.242000579833984,48.529998779296875,47.652000427246094,395662000
2023-11-28,47.82099914550781,48.323001861572266,47.472999572753906,401491000
2023-11-29,48.13999938964844,48.762001037597656,47.86000061035156,382005000
2023-11-30,46.77000045776367,48.11000061035156,46.422000885009766,526247000
2023-12-01,46.76499938964844,47.20000076293945,46.1870002746582,369317000
2023-12-04,45.5099983215332,46.07699966430664,45.0099983215332,437543000
2023-12-05,46.566001892089844,46.599998474121094,45.270999908447266,371718000
2023-12-06,45.50299835205078,47.387001037597656,45.4119987487793,380590000
2023-12-07,46.59600067138672,46.62900161743164,45.604000091552734,350823000
2023-12-08,47.50600051879883,47.74100112915039,46.54999923706055,359224000
2023-12-11,46.62699890136719,47.53099822998047,45.83000183105469,509728000
2023-12-12,47.65700149536133,47.66600036621094,46.04600143432617,372387000
2023-12-13,48.0880012512207,48.59400177001953,47.608001708984375,447792000
2023-12-14,48.349998474121094,48.66999816894531,47.422000885009766,391232000
2023-12-15,48.88999938964844,49.40399932861328,48.119998931884766,479948000
2023-12-18,50.07699966430664,50.43299865722656,49.150001525878906,412587000
2023-12-19,49.604000091552734,49.70000076293945,48.89500045776367,464444000
2023-12-20,48.111000061035156,49.999000549316406,48.097999572753906,397894000
2023-12-21,48.9900016784668,49.095001220703125,48.41899871826172,300425000
2023-12-22,48.83000183105469,49.382999420166016,48.46699905395508,252507000
2023-12-26,49.27899932861328,49.599998474121094,48.959999084472656,244200000
2023-12-27,49.41699981689453,49.68000030517578,49.084999084472656,233648000
2023-12-28,49.52199935913086,49.88399887084961,49.4119987487793,246587000
2023-12-29,49.52199935913086,49.99700164794922,48.750999450683594,389293000
2024-01-02,48.167999267578125,49.29499816894531,47.595001220703125,411254000
2024-01-03,47.569000244140625,48.183998107910156,47.31999969482422,320896000
2024-01-04,47.99800109863281,48.5,47.507999420166016,306535000
2024-01-05,49.09700012207031,49.547000885009766,48.305999755859375,415039000
2024-01-08,52.25299835205078,52.275001525878906,49.479000091552734,642510000
2024-01-09,53.13999938964844,54.32500076293945,51.689998626708984,773100000
2024-01-10,54.349998474121094,54.599998474121094,53.48899841308594,533796000
2024-01-11,54.821998596191406,55.34600067138672,53.560001373291016,596759000
2024-01-12,54.709999084472656,54.970001220703125,54.33000183105469,352994000
2024-01-16,56.38199996948242,56.834999084472656,54.900001525878906,449580000
2024-01-17,56.053001403808594,56.47100067138672,54.7400016784668,474394000
2024-01-18,57.106998443603516,57.599998474121094,56.106998443603516,491650000
2024-01-19,59.49100112915039,59.5,57.224998474121094,543501000
2024-01-22,59.65399932861328,60.33100128173828,59.06999969482422,452955000
2024-01-23,59.87300109863281,59.90999984741211,58.584999084472656,294654000
2024-01-24,61.36199951171875,62.8489990234375,59.9379997253418,560271000
2024-01-25,61.617000579833984,62.71900177001953,60.849998474121094,482777000
2024-01-26,61.03099822998047,61.78300094604492,60.573001861572266,390309000
2024-01-29,62.46500015258789,62.48899841308594,60.90700149536133,348733000
2024-01-30,62.77399826049805,63.49300003051758,62.2599983215332,410735000
2024-01-31,61.527000427246094,62.26900100708008,60.70000076293945,453795000
2024-02-01,63.027000427246094,63.191001892089844,61.650001525878906,369146000
2024-02-02,66.16000366210938,66.5999984741211,63.689998626708984,476578000
2024-02-05,69.33200073242188,69.49700164794922,67.20500183105469,680078000
2024-02-06,68.2229995727539,69.75399780273438,66.30000305175781,683111000
2024-02-07,70.0989990234375,70.22000122070312,67.5999984741211,495575000
2024-02-08,69.64099884033203,70.79399871826172,69.45500183105469,414422000
2024-02-09,72.13300323486328,72.18499755859375,70.21199798583984,436637000
2024-02-12,72.24800109863281,74.61100006103516,71.25,613710000
2024-02-13,72.12799835205078,73.44999694824219,69.62000274658203,602580000
2024-02-14,73.9000015258789,74.23600006103516,71.93800354003906,504917000
2024-02-15,72.65799713134766,73.9749984741211,72.4000015258789,420122000
2024-02-16,72.61299896240234,74.4020004272461,72.5009994506836,495327000
2024-02-20,69.4520034790039,71.95600128173828,67.73400115966797,704833000
2024-02-21,67.47200012207031,68.88800048828125,66.24800109863281,690298000
2024-02-22,78.53800201416016,78.57499694824219,74.22000122070312,865100000
2024-02-23,78.81700134277344,82.39399719238281,77.56999969482422,829388000
2024-02-26,79.09200286865234,80.64600372314453,78.50499725341797,503973000
2024-02-27,78.70099639892578,79.4800033569336,77.16200256347656,391705000
2024-02-28,77.66300201416016,78.93299865722656,77.125,393110000
2024-02-29,79.11199951171875,79.98999786376953,78.3499984741211,507289000
2024-03-01,82.27899932861328,82.30000305175781,79.43499755859375,479135000
2024-03-04,85.23699951171875,87.69499969482422,83.71900177001953,615616000
2024-03-05,85.96399688720703,86.09700012207031,83.41699981689453,520639000
2024-03-06,88.69999694824219,89.7239990234375,87.02999877929688,582520000
2024-03-07,92.66899871826172,92.76699829101562,89.60199737548828,608119000
2024-03-08,87.52799987792969,97.4000015258789,86.50599670410156,1142269000
2024-03-11,85.77400207519531,88.7969970703125,84.16600036621094,678364000
2024-03-12,91.91300201416016,91.95999908447266,86.1500015258789,668075000
2024-03-13,90.88800048828125,91.50399780273438,88.43499755859375,635713000
2024-03-14,87.94400024414062,90.64600372314453,86.5999984741211,602318000
2024-03-15,87.83699798583984,89.5459976196289,86.25700378417969,642086000
2024-03-18,88.45500183105469,92.40499877929688,87.08499908447266,668976000
2024-03-19,89.39800262451172,90.54399871826172,85.01000213623047,672171000
2024-03-20,90.37200164794922,90.41000366210938,88.2229995727539,479063000
2024-03-21,91.43499755859375,92.64800262451172,90.40499877929688,480372000
2024-03-22,94.28900146484375,94.77799987792969,90.83399963378906,586719000
2024-03-25,95.00199890136719,96.76599884033203,93.51000213623047,552136000
2024-03-26,92.56099700927734,96.375,92.50199890136719,513648000
2024-03-27,90.25,93.23999786376953,89.12300109863281,586067000
2024-03-28,90.35600280761719,91.30000305175781,89.19300079345703,435212000
2024-04-01,90.36299896240234,92.2249984741211,89.2040023803711,452441000
2024-04-02,89.4520034790039,90.09400177001953,87.62000274658203,433064000
2024-04-03,88.96399688720703,90.3740005493164,88.4000015258789,370067000
2024-04-04,85.90499877929688,90.63400268554688,85.87999725341797,434965000
2024-04-05,88.00800323486328,88.48100280761719,85.9260025024414,399678000
2024-04-08,87.13300323486328,88.83000183105469,86.73200225830078,283220000
2024-04-09,85.35399627685547,87.63500213623047,83.02200317382812,503547000
2024-04-10,87.03900146484375,87.4000015258789,83.70899963378906,431929000
2024-04-11,90.61599731445312,90.73899841308594,86.9260025024414,431637000
2024-04-12,88.18599700927734,90.17500305175781,87.52999877929688,426805000
2024-04-15,86.0009994506836,90.61299896240234,85.92900085449219,443077000
2024-04-16,87.41500091552734,88.11799621582031,86.06400299072266,370453000
2024-04-17,84.03500366210938,88.7750015258789,83.94999694824219,495400000
2024-04-18,84.6709976196289,86.19000244140625,82.4020004272461,447260000
2024-04-19,76.19999694824219,84.3239974975586,75.60600280761719,875198000
2024-04-22,79.51799774169922,80.072998046875,76.4000015258789,596341000
2024-04-23,82.4229965209961,82.76899719238281,80.26399993896484,438559000
2024-04-24,79.677001953125,84.08200073242188,79.18299865722656,512208000
2024-04-25,82.63200378417969,83.322998046875,78.2229995727539,424641000
2024-04-26,87.73500061035156,88.33100128173828,83.38700103759766,551011000
2024-04-29,87.75700378417969,87.99199676513672,85.26599884033203,388971000
2024-04-30,86.4020004272461,88.81900024414062,86.30000305175781,363709000
2024-05-01,83.04100036621094,86.0,81.25499725341797,559863000
2024-05-02,85.81700134277344,86.23699951171875,83.19999694824219,377898000
2024-05-03,88.78900146484375,89.28099822998047,87.04000091552734,398341000
2024-05-06,92.13999938964844,92.22000122070312,89.05500030517578,376203000
2024-05-07,90.55400085449219,91.78099822998047,89.01100158691406,437342000
2024-05-08,90.41200256347656,91.19400024414062,89.41999816894531,325721000
2024-05-09,88.74700164794922,91.0719985961914,88.23100280761719,378013000
2024-05-10,89.87799835205078,91.4010009765625,89.22699737548828,335325000
2024-05-13,90.39900207519531,90.99800109863281,88.52899932861328,289680000
2024-05-14,91.35600280761719,91.6510009765625,88.93399810791016,296507000
2024-05-15,94.62999725341797,94.86199951171875,91.5989990234375,417735000
2024-05-16,94.35900115966797,95.81900024414062,94.10299682617188,323952000
2024-05-17,92.47899627685547,94.73999786376953,91.80599975585938,359691000
2024-05-20,94.77999877929688,95.19999694824219,93.44000244140625,318764000
2024-05-21,95.38600158691406,95.4000015258789,93.18000030517578,328946000
2024-05-22,94.94999694824219,96.0199966430664,93.2490005493164,548648000
2024-05-23,103.79900360107422,106.31999969482422,101.5199966430664,835065000
2024-05-24,106.46900177001953,106.4749984741211,103.0,429494000
2024-05-28,113.9010009765625,114.93900299072266,109.88300323486328,652728000
2024-05-29,114.82499694824219,115.49199676513672,110.9010009765625,557442000
2024-05-30,110.5,115.81900024414062,109.66300201416016,487350000
2024-05-31,109.63300323486328,112.71700286865234,106.94000244140625,613263000
2024-06-03,115.0,115.0,112.00299835205078,438392000
2024-06-04,116.43699645996094,116.5999984741211,114.04499816894531,403324000
2024-06-05,122.44000244140625,122.4489974975586,117.46800231933594,528402000
2024-06-06,120.99800109863281,125.58699798583984,118.31999969482422,664696000
2024-06-07,120.88800048828125,121.69200134277344,118.02200317382812,412386000
2024-06-10,121.79000091552734,123.0999984741211,117.01000213623047,314162700
2024-06-11,120.91000366210938,122.87000274658203,118.73999786376953,222551200
2024-06-12,125.19999694824219,126.87999725341797,122.56999969482422,299595000
2024-06-13,129.61000061035156,129.8000030517578,127.16000366210938,260704500
2024-06-14,131.8800048828125,132.83999633789062,128.32000732421875,309320400
2024-06-17,130.97999572753906,133.72999572753906,129.5800018310547,288504400
2024-06-18,135.5800018310547,136.3300018310547,130.69000244140625,294335100
2024-06-20,130.77999877929688,140.75999450683594,129.52000427246094,517768400
2024-06-21,126.56999969482422,130.6300048828125,124.30000305175781,655484700
2024-06-24,118.11000061035156,124.45999908447266,118.04000091552734,476060900
2024-06-25,126.08999633789062,126.5,119.31999969482422,425787500
2024-06-26,126.4000015258789,128.1199951171875,122.5999984741211,362975900
2024-06-27,123.98999786376953,126.41000366210938,122.91999816894531,252571700
2024-06-28,123.54000091552734,127.70999908447266,122.75,315516700
2024-07-01,124.30000305175781,124.83999633789062,118.83000183105469,284885500
2024-07-02,122.66999816894531,123.41000366210938,121.02999877929688,218374000
2024-07-03,128.27999877929688,128.27999877929688,121.36000061035156,215749000
2024-07-05,125.83000183105469,128.85000610351562,125.68000030517578,214176700
2024-07-08,128.1999969482422,130.77000427246094,127.04000091552734,237677300
2024-07-09,131.3800048828125,133.82000732421875,128.64999389648438,285366600
2024-07-10,134.91000366210938,135.10000610351562,132.4199981689453,248978600
2024-07-11,127.4000015258789,136.14999389648438,127.05000305175781,374782700
2024-07-12,129.24000549316406,131.9199981689453,127.22000122070312,252680500
2024-07-15,128.44000244140625,131.38999938964844,127.18000030517578,208326200
2024-07-16,126.36000061035156,129.0399932861328,124.58000183105469,214769500
2024-07-17,117.98999786376953,121.8499984741211,116.72000122070312,390086200
2024-07-18,121.08999633789062,122.4000015258789,116.55999755859375,320979500
2024-07-19,117.93000030517578,121.5999984741211,117.37000274658203,217223800
2024-07-22,123.54000091552734,124.06999969482422,119.86000061035156,258068900
2024-07-23,122.58999633789062,124.69000244140625,122.0999984741211,173911000
2024-07-24,114.25,119.94999694824219,113.44000244140625,327776900
2024-07-25,112.27999877929688,116.62999725341797,106.30000305175781,460067000
2024-07-26,113.05999755859375,116.19999694824219,111.58000183105469,293399100
2024-07-29,111.58999633789062,116.27999877929688,111.30000305175781,248152100
2024-07-30,103.7300033569336,111.98999786376953,102.54000091552734,486833300
2024-07-31,117.0199966430664,118.33999633789062,110.87999725341797,473174200
2024-08-01,109.20999908447266,120.16000366210938,106.80999755859375,523462300
2024-08-02,107.2699966430664,108.72000122070312,101.37000274658203,482027500
2024-08-05,100.44999694824219,103.41000366210938,90.69000244140625,552842400
2024-08-06,104.25,107.70999908447266,100.55000305175781,409012100
2024-08-07,98.91000366210938,108.80000305175781,98.69000244140625,411440400
2024-08-08,104.97000122070312,105.5,97.5199966430664,391910000
2024-08-09,104.75,106.5999984741211,103.43000030517578,290844200
2024-08-12,109.0199966430664,111.06999969482422,106.26000213623047,325559900
2024-08-13,116.13999938964844,116.2300033569336,111.58000183105469,312646700
2024-08-14,118.08000183105469,118.5999984741211,114.06999969482422,339246400
2024-08-15,122.86000061035156,123.23999786376953,117.47000122070312,318086700
2024-08-16,124.58000183105469,125.0,121.18000030517578,302589900
2024-08-19,130.0,130.0,123.41999816894531,318333600
2024-08-20,127.25,129.8800048828125,125.88999938964844,300087400
2024-08-21,128.5,129.35000610351562,126.66000366210938,257883600
2024-08-22,123.73999786376953,130.75,123.0999984741211,376189100
2024-08-23,129.3699951171875,129.60000610351562,125.22000122070312,323230300
2024-08-26,126.45999908447266,131.25999450683594,124.37000274658203,331964700
2024-08-27,128.3000030517578,129.1999969482422,123.87999725341797,303134600
2024-08-28,125.61000061035156,128.3300018310547,122.63999938964844,448101100
2024-08-29,117.58999633789062,124.43000030517578,116.70999908447266,453023300
2024-08-30,119.37000274658203,121.75,117.22000122070312,333751600
2024-09-03,108.0,116.20999908447266,107.29000091552734,477155100
2024-09-04,106.20999908447266,113.2699966430664,104.12000274658203,372470300
2024-09-05,107.20999908447266,109.6500015258789,104.76000213623047,306850700
2024-09-06,102.83000183105469,108.1500015258789,100.94999694824219,413638100
2024-09-09,106.47000122070312,106.55000305175781,103.69000244140625,273912000
2024-09-10,108.0999984741211,109.4000015258789,104.94999694824219,268283700
2024-09-11,116.91000366210938,117.19000244140625,107.41999816894531,441422400
2024-09-12,119.13999938964844,120.79000091552734,115.37999725341797,367100500
2024-09-13,119.0999984741211,119.95999908447266,117.5999984741211,238358300
2024-09-16,116.77999877929688,118.18000030517578,114.36000061035156,248772300
2024-09-17,115.58999633789062,118.80000305175781,114.83000183105469,231925900
2024-09-18,113.37000274658203,117.69999694824219,113.22000122070312,310318900
2024-09-19,117.87000274658203,119.66000366210938,117.25,293506400
2024-09-20,116.0,118.62000274658203,115.38999938964844,382462400
2024-09-23,116.26000213623047,116.98999786376953,114.86000061035156,206228500
2024-09-24,120.87000274658203,121.80000305175781,115.37999725341797,354966800
2024-09-25,123.51000213623047,124.94000244140625,121.61000061035156,284692900
2024-09-26,124.04000091552734,127.66999816894531,121.80000305175781,302582900
2024-09-27,121.4000015258789,124.02999877929688,119.26000213623047,271009200
2024-09-30,121.44000244140625,121.5,118.1500015258789,226553700
2024-10-01,117.0,122.44000244140625,115.79000091552734,302094500
2024-10-02,118.8499984741211,119.37999725341797,115.13999938964844,221845900
2024-10-03,122.8499984741211,124.36000061035156,120.33999633789062,277118000
2024-10-04,124.91999816894531,125.04000091552734,121.83000183105469,243678100
2024-10-07,127.72000122070312,130.63999938964844,124.94999694824219,346250200
2024-10-08,132.88999938964844,133.47999572753906,129.4199981689453,285722500
2024-10-09,132.64999389648438,134.52000427246094,131.3800048828125,246191600
2024-10-10,134.80999755859375,135.0,131.0,242311300
2024-10-11,134.8000030517578,135.77999877929688,133.66000366210938,170209500
2024-10-14,138.07000732421875,139.60000610351562,136.3000030517578,232347700
2024-10-15,131.60000610351562,138.57000732421875,128.74000549316406,377831000
2024-10-16,135.72000122070312,136.6199951171875,131.5800018310547,264879700
2024-10-17,136.92999267578125,140.88999938964844,136.8699951171875,306435900
2024-10-18,138.0,138.89999389648438,137.27999877929688,175800600
2024-10-21,141.24400329589844,141.8000030517578,138.00999450683594,133682572
